<ImportExportXml version="9.2.25053.166" SolutionPackageVersion="9.2" languagecode="1033" generatedBy="CrmLive" xmlns:xsi="http://www.w3.org/2001/XMLSchema-instance" OrganizationVersion="9.2.25053.166" OrganizationSchemaType="Full" CRMServerServiceabilityVersion="9.2.25053.00166">
  <SolutionManifest>
    <UniqueName>Sevent</UniqueName>
    <LocalizedNames>
      <LocalizedName description="Sevent" languagecode="1033" />
    </LocalizedNames>
    <Descriptions />
    <Version>1.0.0.6</Version>
    <Managed>0</Managed>
    <Publisher>
      <UniqueName>Sevent</UniqueName>
      <LocalizedNames>
        <LocalizedName description="Sevent" languagecode="1033" />
      </LocalizedNames>
      <Descriptions />
      <EMailAddress xsi:nil="true"></EMailAddress>
      <SupportingWebsiteUrl xsi:nil="true"></SupportingWebsiteUrl>
      <CustomizationPrefix>sevent</CustomizationPrefix>
      <CustomizationOptionValuePrefix>23977</CustomizationOptionValuePrefix>
      <Addresses>
        <Address>
          <AddressNumber>1</AddressNumber>
          <AddressTypeCode>1</AddressTypeCode>
          <City xsi:nil="true"></City>
          <County xsi:nil="true"></County>
          <Country xsi:nil="true"></Country>
          <Fax xsi:nil="true"></Fax>
          <FreightTermsCode xsi:nil="true"></FreightTermsCode>
          <ImportSequenceNumber xsi:nil="true"></ImportSequenceNumber>
          <Latitude xsi:nil="true"></Latitude>
          <Line1 xsi:nil="true"></Line1>
          <Line2 xsi:nil="true"></Line2>
          <Line3 xsi:nil="true"></Line3>
          <Longitude xsi:nil="true"></Longitude>
          <Name xsi:nil="true"></Name>
          <PostalCode xsi:nil="true"></PostalCode>
          <PostOfficeBox xsi:nil="true"></PostOfficeBox>
          <PrimaryContactName xsi:nil="true"></PrimaryContactName>
          <ShippingMethodCode>1</ShippingMethodCode>
          <StateOrProvince xsi:nil="true"></StateOrProvince>
          <Telephone1 xsi:nil="true"></Telephone1>
          <Telephone2 xsi:nil="true"></Telephone2>
          <Telephone3 xsi:nil="true"></Telephone3>
          <TimeZoneRuleVersionNumber xsi:nil="true"></TimeZoneRuleVersionNumber>
          <UPSZone xsi:nil="true"></UPSZone>
          <UTCOffset xsi:nil="true"></UTCOffset>
          <UTCConversionTimeZoneCode xsi:nil="true"></UTCConversionTimeZoneCode>
        </Address>
        <Address>
          <AddressNumber>2</AddressNumber>
          <AddressTypeCode>1</AddressTypeCode>
          <City xsi:nil="true"></City>
          <County xsi:nil="true"></County>
          <Country xsi:nil="true"></Country>
          <Fax xsi:nil="true"></Fax>
          <FreightTermsCode xsi:nil="true"></FreightTermsCode>
          <ImportSequenceNumber xsi:nil="true"></ImportSequenceNumber>
          <Latitude xsi:nil="true"></Latitude>
          <Line1 xsi:nil="true"></Line1>
          <Line2 xsi:nil="true"></Line2>
          <Line3 xsi:nil="true"></Line3>
          <Longitude xsi:nil="true"></Longitude>
          <Name xsi:nil="true"></Name>
          <PostalCode xsi:nil="true"></PostalCode>
          <PostOfficeBox xsi:nil="true"></PostOfficeBox>
          <PrimaryContactName xsi:nil="true"></PrimaryContactName>
          <ShippingMethodCode>1</ShippingMethodCode>
          <StateOrProvince xsi:nil="true"></StateOrProvince>
          <Telephone1 xsi:nil="true"></Telephone1>
          <Telephone2 xsi:nil="true"></Telephone2>
          <Telephone3 xsi:nil="true"></Telephone3>
          <TimeZoneRuleVersionNumber xsi:nil="true"></TimeZoneRuleVersionNumber>
          <UPSZone xsi:nil="true"></UPSZone>
          <UTCOffset xsi:nil="true"></UTCOffset>
          <UTCConversionTimeZoneCode xsi:nil="true"></UTCConversionTimeZoneCode>
        </Address>
      </Addresses>
    </Publisher>
    <RootComponents>
      <RootComponent type="1" schemaName="sevent_car" behavior="0" />
      <RootComponent type="1" schemaName="sevent_carclass" behavior="0" />
      <RootComponent type="1" schemaName="sevent_cartransferreport" behavior="0" />
      <RootComponent type="1" schemaName="sevent_customer" behavior="0" />
      <RootComponent type="1" schemaName="sevent_payment" behavior="0" />
      <RootComponent type="1" schemaName="sevent_rent" behavior="0" />
      <RootComponent type="9" schemaName="cr995_documenttype" behavior="0" />
      <RootComponent type="9" schemaName="sevent_carmanufacturer" behavior="0" />
      <RootComponent type="9" schemaName="sevent_pickuplocation" behavior="0" />
      <RootComponent type="9" schemaName="sevent_preferredcontact" behavior="0" />
      <RootComponent type="9" schemaName="sevent_typecartransferreport" behavior="0" />
      <RootComponent type="20" id="{133128a4-e30d-f011-998a-7c1e5240a850}" behavior="0" />
      <RootComponent type="20" id="{62391bca-e20d-f011-998a-7c1e5240a850}" behavior="0" />
      <RootComponent type="20" id="{bb122229-e40d-f011-998a-7c1e5240a850}" behavior="0" />
      <RootComponent type="29" id="{19f97579-820e-f011-998a-7c1e5240a850}" behavior="0" />
      <RootComponent type="29" id="{31e87518-910d-f011-998a-7c1e5240a850}" behavior="0" />
      <RootComponent type="29" id="{3ec6f875-9e0d-f011-998a-7c1e5240a850}" behavior="0" />
      <RootComponent type="29" id="{4b6bb073-290b-f011-bae2-7c1e5240a850}" behavior="0" />
      <RootComponent type="29" id="{55b1987a-190c-f011-bae2-7c1e5240a850}" behavior="0" />
      <RootComponent type="29" id="{5b50684c-720e-f011-998a-7c1e5240a850}" behavior="0" />
      <RootComponent type="29" id="{5bb782ba-970d-f011-998a-7c1e5240a850}" behavior="0" />
      <RootComponent type="29" id="{64f6ad04-880e-f011-998a-7c1e5240a850}" behavior="0" />
      <RootComponent type="29" id="{75a59dcf-190c-f011-bae2-7c1e5240a850}" behavior="0" />
      <RootComponent type="29" id="{80062cf9-280b-f011-bae2-7c1e5240a850}" behavior="0" />
      <RootComponent type="29" id="{8691fa9c-210b-f011-bae2-7c1e5240a850}" behavior="0" />
      <RootComponent type="29" id="{8d8300b0-2237-f011-877a-6045bd5e64ba}" behavior="0" />
      <RootComponent type="29" id="{99c2a920-2137-f011-877a-6045bd5e64ba}" behavior="0" />
      <RootComponent type="29" id="{9b96bfc3-9e0d-f011-998a-7c1e5240a850}" behavior="0" />
      <RootComponent type="29" id="{c4c23c22-d80d-f011-998a-7c1e5240a850}" behavior="0" />
      <RootComponent type="29" id="{ce4a5a9e-9a0d-f011-998a-7c1e5240a850}" behavior="0" />
      <RootComponent type="29" id="{d24eb454-9d36-f011-8c4e-6045bd5e64ba}" behavior="0" />
      <RootComponent type="29" id="{e6fc4ff5-170c-f011-bae2-7c1e5240a850}" behavior="0" />
      <RootComponent type="60" id="{ac94ea7c-be1b-f011-9989-6045bd5e64ba}" />
      <RootComponent type="60" id="{c64f4ce1-c21b-f011-9989-6045bd5e64ba}" behavior="0" />
      <RootComponent type="61" schemaName="sevent_RentForm" behavior="0" />
      <RootComponent type="62" schemaName="sevent_SeventApp" behavior="0" />
      <RootComponent type="80" schemaName="sevent_SeventApp" behavior="0" />
      <RootComponent type="300" schemaName="sevent_seventappdefaultcommandlibrary_162b2" behavior="0" />
    </RootComponents>
    <MissingDependencies>
      <MissingDependency>
        <Required type="61" schemaName="msdyn_/Images/AppModule_Default_Icon.png" displayName="msdyn_/Images/AppModule_Default_Icon.png" solution="AppModuleWebResources (2.5)">
          <package appName="AppModule Web Resources Package" version="2.5">AppModuleWebResources (2.5)</package>
        </Required>
        <Dependent type="80" schemaName="sevent_SeventApp" displayName="Sevent App" />
      </MissingDependency>
      <MissingDependency>
        <Required type="SettingDefinition" displayName="AppChannel" solution="msdyn_AppFrameworkInfraExtensions (1.0.0.14)" id.uniquename="AppChannel">
          <package appName="PowerAppsAppFramework Package" version="1.0.0.19">PowerAppsAppFramework_Anchor (1.0.0.19)</package>
        </Required>
        <Dependent type="AppSetting" displayName="parentappmoduleid.uniquename=sevent_SeventApp,settingdefinitionid.uniquename=AppChannel" id.parentappmoduleid.uniquename="sevent_SeventApp" id.settingdefinitionid.uniquename="AppChannel" />
      </MissingDependency>
    </MissingDependencies>
  </SolutionManifest>
</ImportExportXml>