{
  "properties": {
    "connectionReferences": {
      "shared_commondataserviceforapps": {
        "runtimeSource": "embedded",
        "connection": {
          "connectionReferenceLogicalName": "sevent_sharedcommondataserviceforapps_2bba1"
        },
        "api": {
          "name": "shared_commondataserviceforapps"
        }
      }
    },
    "definition": {
      "$schema": "https://schema.management.azure.com/providers/Microsoft.Logic/schemas/2016-06-01/workflowdefinition.json#",
      "contentVersion": "1.0.0.0",
      "parameters": {
        "$connections": {
          "defaultValue": {},
          "type": "Object"
        },
        "$authentication": {
          "defaultValue": {},
          "type": "SecureObject"
        },
        "dynamicscrmonline.entityName": {
          "defaultValue": "",
          "type": "String"
        }
      },
      "triggers": {
        "manual": {
          "splitOn": "@triggerBody()['rows']",
          "metadata": {
            "operationMetadataId": "0e2f8baa-da9e-4832-a1b7-764a31edca56"
          },
          "type": "Request",
          "kind": "ApiConnection",
          "inputs": {
            "schema": {
              "type": "object",
              "properties": {
                "rows": {
                  "type": "array",
                  "items": {
                    "type": "object",
                    "properties": {
                      "entity": {
                        "type": "object",
                        "properties": {
                          "sevent_customerid": {
                            "title": "Customer",
                            "type": "string",
                            "format": "guid"
                          },
                          "sevent_firstname": {
                            "title": "First Name",
                            "type": "string"
                          },
                          "sevent_lastname": {
                            "title": "Last Name",
                            "type": "string"
                          }
                        },
                        "required": [
                          "sevent_customerid",
                          "sevent_firstname",
                          "sevent_lastname"
                        ]
                      }
                    },
                    "required": [
                      "entity"
                    ]
                  }
                }
              },
              "required": [
                "rows"
              ]
            },
            "host": {
              "connection": {
                "name": "@parameters('$connections')['shared_commondataserviceforapps']['connectionId']"
              }
            },
            "operationId": "RecordSelected",
            "parameters": {
              "entityName": "sevent_customers"
            }
          }
        }
      },
      "actions": {
        "Update_a_row": {
          "runAfter": {
            "Compose": [
              "Succeeded"
            ]
          },
          "metadata": {
            "operationMetadataId": "03089fe7-6923-4e83-98f1-eb75f2ad7207"
          },
          "type": "OpenApiConnection",
          "inputs": {
            "host": {
              "connectionName": "shared_commondataserviceforapps",
              "operationId": "UpdateOnlyRecord",
              "apiId": "/providers/Microsoft.PowerApps/apis/shared_commondataserviceforapps"
            },
            "parameters": {
              "entityName": "sevent_customers",
              "recordId": "@triggerBody()?['entity']?['sevent_customerid']",
              "item/sevent_customername": "@outputs('Compose')"
            },
            "authentication": {
              "type": "Raw",
              "value": "@json(decodeBase64(triggerOutputs().headers['X-MS-APIM-Tokens']))['$ConnectionKey']"
            }
          }
        },
        "Compose": {
          "runAfter": {},
          "metadata": {
            "operationMetadataId": "d1e4a56b-2203-400b-9cb8-18300261abfa"
          },
          "type": "Compose",
          "inputs": "@{triggerBody()?['entity']?['sevent_firstname']}  @{triggerBody()?['entity']?['sevent_lastname']}"
        }
      }
    },
    "templateName": "ab12caeaa14d4fa48730b2ab650aac2a"
  },
  "schemaVersion": "1.0.0.0"
}